"","select.h","select.l","disper.h","disper.l","drift","num.pair"
"1",0.184615384615385,0.474358974358974,0.321794871794872,0.00256410256410256,0.0166666666666667,780
