"","select.h","select.l","disper.h","disper.l","drift","num.pair"
"1",0.197435897435897,0.433333333333333,0.335897435897436,0,0.0333333333333333,780
