"","select.h","select.l","disper.h","disper.l","drift","num.pair"
"1",0.161538461538462,0.421794871794872,0.376923076923077,0,0.0397435897435897,780
