"","select.h","select.l","disper.h","disper.l","drift","num.pair"
"1",0.170512820512821,0.470512820512821,0.343589743589744,0.00128205128205128,0.0141025641025641,780
