"","select.h","select.l","disper.h","disper.l","drift","num.pair"
"1",0.166666666666667,0.494871794871795,0.302564102564103,0,0.0358974358974359,780
