"","select.h","select.l","disper.h","disper.l","drift","num.pair"
"1",0.153846153846154,0.471794871794872,0.353846153846154,0,0.0205128205128205,780
