"","select.h","select.l","disper.h","disper.l","drift","num.pair"
"1",0.193589743589744,0.462820512820513,0.315384615384615,0.00128205128205128,0.0269230769230769,780
