"","select.h","select.l","disper.h","disper.l","drift","num.pair"
"1",0.144871794871795,0.435897435897436,0.376923076923077,0.00256410256410256,0.0397435897435897,780
