"","select.h","select.l","disper.h","disper.l","drift","num.pair"
"1",0.152564102564103,0.421794871794872,0.387179487179487,0.00128205128205128,0.0371794871794872,780
