"","select.h","select.l","disper.h","disper.l","drift","num.pair"
"1",0.241025641025641,0.43974358974359,0.284615384615385,0.00512820512820513,0.0294871794871795,780
