"","select.h","select.l","disper.h","disper.l","drift","num.pair"
"1",0.153846153846154,0.470512820512821,0.348717948717949,0.00128205128205128,0.0256410256410256,780
