"","select.h","select.l","disper.h","disper.l","drift","num.pair"
"1",0.102564102564103,0.375641025641026,0.474358974358974,0.00128205128205128,0.0461538461538462,780
