"","select.h","select.l","disper.h","disper.l","drift","num.pair"
"1",0.158974358974359,0.457692307692308,0.353846153846154,0,0.0294871794871795,780
