"","select.h","select.l","disper.h","disper.l","drift","num.pair"
"1",0.120512820512821,0.446153846153846,0.403846153846154,0,0.0294871794871795,780
