"","select.h","select.l","disper.h","disper.l","drift","num.pair"
"1",0.169230769230769,0.46025641025641,0.362820512820513,0,0.00769230769230769,780
