"","select.h","select.l","disper.h","disper.l","drift","num.pair"
"1",0.205128205128205,0.444871794871795,0.306410256410256,0.0102564102564103,0.0333333333333333,780
