"","select.h","select.l","disper.h","disper.l","drift","num.pair"
"1",0.151282051282051,0.453846153846154,0.367948717948718,0,0.0269230769230769,780
