"","select.h","select.l","disper.h","disper.l","drift","num.pair"
"1",0.137179487179487,0.406410256410256,0.366666666666667,0.0217948717948718,0.0679487179487179,780
