"","select.h","select.l","disper.h","disper.l","drift","num.pair"
"1",0.147435897435897,0.43974358974359,0.351282051282051,0.00769230769230769,0.0538461538461538,780
