"","select.h","select.l","disper.h","disper.l","drift","num.pair"
"1",0.202564102564103,0.446153846153846,0.335897435897436,0.00128205128205128,0.0141025641025641,780
