"","select.h","select.l","disper.h","disper.l","drift","num.pair"
"1",0.132051282051282,0.457692307692308,0.391025641025641,0,0.0192307692307692,780
