"","select.h","select.l","disper.h","disper.l","drift","num.pair"
"1",0.212820512820513,0.48974358974359,0.288461538461538,0,0.00897435897435897,780
