"","select.h","select.l","disper.h","disper.l","drift","num.pair"
"1",0.103846153846154,0.457692307692308,0.417948717948718,0.00128205128205128,0.0192307692307692,780
