"","select.h","select.l","disper.h","disper.l","drift","num.pair"
"1",0.232051282051282,0.447435897435897,0.28974358974359,0.00128205128205128,0.0294871794871795,780
