"","select.h","select.l","disper.h","disper.l","drift","num.pair"
"1",0.117948717948718,0.451282051282051,0.383333333333333,0.00512820512820513,0.0423076923076923,780
