"","select.h","select.l","disper.h","disper.l","drift","num.pair"
"1",0.179487179487179,0.465384615384615,0.311538461538462,0.00256410256410256,0.041025641025641,780
