"","select.h","select.l","disper.h","disper.l","drift","num.pair"
"1",0.114102564102564,0.470512820512821,0.397435897435897,0,0.0179487179487179,780
