"","select.h","select.l","disper.h","disper.l","drift","num.pair"
"1",0.137179487179487,0.432051282051282,0.393589743589744,0.00384615384615385,0.0333333333333333,780
