"","select.h","select.l","disper.h","disper.l","drift","num.pair"
"1",0.188461538461538,0.425641025641026,0.346153846153846,0,0.0397435897435897,780
