"","select.h","select.l","disper.h","disper.l","drift","num.pair"
"1",0.226923076923077,0.438461538461538,0.279487179487179,0.00512820512820513,0.05,780
