"","select.h","select.l","disper.h","disper.l","drift","num.pair"
"1",0.188461538461538,0.442307692307692,0.332051282051282,0.00128205128205128,0.0358974358974359,780
