"","select.h","select.l","disper.h","disper.l","drift","num.pair"
"1",0.166666666666667,0.437179487179487,0.364102564102564,0.00384615384615385,0.0282051282051282,780
