"","select.h","select.l","disper.h","disper.l","drift","num.pair"
"1",0.171794871794872,0.442307692307692,0.364102564102564,0,0.0217948717948718,780
