"","select.h","select.l","disper.h","disper.l","drift","num.pair"
"1",0.226923076923077,0.393589743589744,0.333333333333333,0.00256410256410256,0.0435897435897436,780
