"","select.h","select.l","disper.h","disper.l","drift","num.pair"
"1",0.238461538461538,0.435897435897436,0.294871794871795,0.00384615384615385,0.0269230769230769,780
