"","select.h","select.l","disper.h","disper.l","drift","num.pair"
"1",0.116666666666667,0.428205128205128,0.429487179487179,0.00128205128205128,0.0243589743589744,780
