"","select.h","select.l","disper.h","disper.l","drift","num.pair"
"1",0.178205128205128,0.438461538461538,0.35,0,0.0333333333333333,780
