"","select.h","select.l","disper.h","disper.l","drift","num.pair"
"1",0.187179487179487,0.469230769230769,0.329487179487179,0,0.0141025641025641,780
