"","select.h","select.l","disper.h","disper.l","drift","num.pair"
"1",0.211538461538462,0.437179487179487,0.326923076923077,0.00384615384615385,0.0205128205128205,780
