"","select.h","select.l","disper.h","disper.l","drift","num.pair"
"1",0.156410256410256,0.421794871794872,0.384615384615385,0.00769230769230769,0.0294871794871795,780
