"","select.h","select.l","disper.h","disper.l","drift","num.pair"
"1",0.219230769230769,0.406410256410256,0.317948717948718,0.00128205128205128,0.0551282051282051,780
