"","select.h","select.l","disper.h","disper.l","drift","num.pair"
"1",0.156410256410256,0.469230769230769,0.308974358974359,0.00256410256410256,0.0628205128205128,780
