"","select.h","select.l","disper.h","disper.l","drift","num.pair"
"1",0.137179487179487,0.453846153846154,0.382051282051282,0.00641025641025641,0.0205128205128205,780
