"","select.h","select.l","disper.h","disper.l","drift","num.pair"
"1",0.151282051282051,0.408974358974359,0.374358974358974,0.00256410256410256,0.0628205128205128,780
