"","select.h","select.l","disper.h","disper.l","drift","num.pair"
"1",0.144871794871795,0.432051282051282,0.366666666666667,0.00641025641025641,0.05,780
