"","select.h","select.l","disper.h","disper.l","drift","num.pair"
"1",0.221794871794872,0.488461538461538,0.275641025641026,0.00128205128205128,0.0128205128205128,780
