"","select.h","select.l","disper.h","disper.l","drift","num.pair"
"1",0.179487179487179,0.453846153846154,0.321794871794872,0,0.0448717948717949,780
