"","select.h","select.l","disper.h","disper.l","drift","num.pair"
"1",0.166666666666667,0.421794871794872,0.384615384615385,0,0.0269230769230769,780
