"","select.h","select.l","disper.h","disper.l","drift","num.pair"
"1",0.16025641025641,0.421794871794872,0.356410256410256,0.00512820512820513,0.0564102564102564,780
