"","select.h","select.l","disper.h","disper.l","drift","num.pair"
"1",0.243589743589744,0.424358974358974,0.271794871794872,0.00128205128205128,0.058974358974359,780
